MemberID,FirstName,LastName,Email,Phone,JoinDate
1,Cassandra,Le,cassandra.le1@example.com,0501516192,2024-02-29
2,Edwin,Nolan,edwin.nolan2@example.com,0509420698,2025-08-26
3,Brian,Hayes,brian.hayes3@example.com,0503114243,2025-01-29
4,Frank,Brown,frank.brown4@example.com,0505095565,2023-10-29
5,Aaron,Hill,aaron.hill5@example.com,0505548469,2025-06-06
6,Kathleen,Edwards,kathleen.edwards6@example.com,0502335169,2023-01-15
7,Daniel,Gibbs,daniel.gibbs7@example.com,0507240787,2023-08-01
8,Natalie,Luna,natalie.luna8@example.com,0503015000,2025-10-27
9,Alicia,Sanchez,alicia.sanchez9@example.com,0504180805,2023-11-06
10,Theresa,Coleman,theresa.coleman10@example.com,0508047316,2024-11-07
11,Adam,Howard,adam.howard11@example.com,0505095256,2023-11-11
12,Daniel,Jones,daniel.jones12@example.com,0502196963,2023-09-08
13,Angela,Contreras,angela.contreras13@example.com,0502990521,2023-10-24
14,Victoria,Frank,victoria.frank14@example.com,0506636431,2023-11-27
15,Patrick,Smith,patrick.smith15@example.com,0509441286,2023-02-09
16,Joann,Cole,joann.cole16@example.com,0509870793,2024-03-03
17,Crystal,Riddle,crystal.riddle17@example.com,0504256764,2023-09-17
18,Julia,Cox,julia.cox18@example.com,0507710900,2023-03-11
19,Alicia,Anderson,alicia.anderson19@example.com,0507685554,2023-06-13
20,Jennifer,Howell,jennifer.howell20@example.com,0509571920,2024-05-27
21,Robert,Weaver,robert.weaver21@example.com,0503097757,2025-03-01
22,Frances,Evans,frances.evans22@example.com,0502678967,2023-06-18
23,Amy,Cardenas,amy.cardenas23@example.com,0505871751,2024-04-03
24,David,Moore,david.moore24@example.com,0506490027,2023-08-23
25,Joseph,King,joseph.king25@example.com,0502761263,2025-06-09
26,Danny,Macias,danny.macias26@example.com,0503045539,2025-12-25
27,Richard,Smith,richard.smith27@example.com,0508116670,2024-08-27
28,Jennifer,Schwartz,jennifer.schwartz28@example.com,0506671657,2023-08-21
29,Samantha,Johnson,samantha.johnson29@example.com,0509721995,2024-01-10
30,Nicole,Vega,nicole.vega30@example.com,0509992678,2024-07-04
31,Daniel,Cruz,daniel.cruz31@example.com,0507013573,2024-12-03
32,Eric,Barber,eric.barber32@example.com,0505810089,2024-05-11
33,Tammy,Baker,tammy.baker33@example.com,0506262336,2024-05-11
34,Jennifer,Perez,jennifer.perez34@example.com,0506569057,2024-11-16
35,Peter,Barajas,peter.barajas35@example.com,0507373880,2025-06-26
36,Julia,Spears,julia.spears36@example.com,0505785288,2023-11-03
37,Julie,Moore,julie.moore37@example.com,0502044642,2025-06-28
38,Michael,Lambert,michael.lambert38@example.com,0508471371,2024-03-10
39,Cheryl,Hernandez,cheryl.hernandez39@example.com,0504056413,2023-05-14
40,Travis,Pierce,travis.pierce40@example.com,0505235093,2023-05-22
41,Pamela,Escobar,pamela.escobar41@example.com,0509239354,2023-04-24
42,Mary,Johnson,mary.johnson42@example.com,0509061251,2023-01-12
43,Jessica,Long,jessica.long43@example.com,0503316148,2025-08-13
44,Tiffany,Stephenson,tiffany.stephenson44@example.com,0501993565,2024-11-17
45,John,Davis,john.davis45@example.com,0502870217,2023-03-24
46,Travis,Gordon,travis.gordon46@example.com,0502272582,2024-08-05
47,Jerry,Matthews,jerry.matthews47@example.com,0506702370,2024-05-04
48,Alicia,Briggs,alicia.briggs48@example.com,0501377326,2026-01-03
49,Jodi,Reeves,jodi.reeves49@example.com,0506308769,2024-09-24
50,Nicholas,Mullen,nicholas.mullen50@example.com,0508403648,2025-08-18
51,Laura,Thornton,laura.thornton51@example.com,0505946174,2024-08-11
52,Paul,Newton,paul.newton52@example.com,0505241830,2024-03-03
53,Julie,Kerr,julie.kerr53@example.com,0502507078,2023-02-19
54,Steven,Mcdowell,steven.mcdowell54@example.com,0509406868,2024-11-04
55,Kenneth,Castro,kenneth.castro55@example.com,0503643963,2025-11-16
56,William,Phillips,william.phillips56@example.com,0501623310,2023-02-16
57,Logan,Skinner,logan.skinner57@example.com,0501785040,2025-01-19
58,Taylor,Mitchell,taylor.mitchell58@example.com,0506346694,2024-12-30
59,David,Gibson,david.gibson59@example.com,0505429956,2025-04-08
60,Tammy,Ramirez,tammy.ramirez60@example.com,0506765857,2024-10-29
61,Heather,Taylor,heather.taylor61@example.com,0505990591,2025-11-19
62,Amanda,Alvarez,amanda.alvarez62@example.com,0506746864,2023-01-22
63,Brittany,Davis,brittany.davis63@example.com,0501130720,2024-02-18
64,Jesus,Reeves,jesus.reeves64@example.com,0501621828,2025-10-15
65,Eric,Ortiz,eric.ortiz65@example.com,0508145054,2023-10-06
66,Devin,Jackson,devin.jackson66@example.com,0504938993,2024-02-11
67,Albert,Hines,albert.hines67@example.com,0508121615,2023-08-16
68,Kathryn,Kim,kathryn.kim68@example.com,0503622321,2025-08-25
69,Aaron,Collins,aaron.collins69@example.com,0508162505,2024-08-17
70,Corey,Padilla,corey.padilla70@example.com,0502881475,2025-11-13
71,Shelby,Burgess,shelby.burgess71@example.com,0504901538,2025-06-15
72,Richard,Fox,richard.fox72@example.com,0506550607,2023-06-09
73,Joseph,Silva,joseph.silva73@example.com,0502433211,2023-02-04
74,Christine,Robertson,christine.robertson74@example.com,0506248056,2024-01-29
75,Joseph,Gray,joseph.gray75@example.com,0507459628,2024-08-10
76,Laura,Williams,laura.williams76@example.com,0508362216,2025-08-01
77,David,Dunlap,david.dunlap77@example.com,0504958145,2024-01-29
78,Ashley,Armstrong,ashley.armstrong78@example.com,0501966943,2025-09-07
79,Brian,Bridges,brian.bridges79@example.com,0502742185,2025-01-17
80,Justin,White,justin.white80@example.com,0503684837,2023-10-16
81,Rebecca,Henry,rebecca.henry81@example.com,0507533701,2025-02-03
82,Jack,Garcia,jack.garcia82@example.com,0509771585,2023-04-10
83,Brandy,Gilbert,brandy.gilbert83@example.com,0509683897,2023-01-15
84,Karen,Ellis,karen.ellis84@example.com,0504359315,2023-01-28
85,John,Perez,john.perez85@example.com,0504411539,2025-01-20
86,Nicole,Diaz,nicole.diaz86@example.com,0509174722,2024-11-01
87,Michelle,Tucker,michelle.tucker87@example.com,0501307550,2025-05-03
88,Angela,Stewart,angela.stewart88@example.com,0501856915,2024-06-10
89,Alicia,Hale,alicia.hale89@example.com,0503087150,2024-07-28
90,Jay,Winters,jay.winters90@example.com,0509866648,2025-05-14
91,Maria,Parker,maria.parker91@example.com,0505881434,2024-01-27
92,Lindsay,Mcclain,lindsay.mcclain92@example.com,0506853082,2023-04-16
93,Michael,Solomon,michael.solomon93@example.com,0502731697,2025-06-30
94,Anthony,Christensen,anthony.christensen94@example.com,0504117781,2023-02-22
95,Leslie,Adams,leslie.adams95@example.com,0504747892,2023-02-26
96,Benjamin,Berry,benjamin.berry96@example.com,0508025623,2024-07-05
97,Lauren,Crosby,lauren.crosby97@example.com,0504774505,2024-08-17
98,David,Woodward,david.woodward98@example.com,0508234511,2025-09-18
99,Jack,Dominguez,jack.dominguez99@example.com,0505489491,2023-08-20
100,Phillip,George,phillip.george100@example.com,0501694980,2025-07-20
101,Madison,Santana,madison.santana101@example.com,0506657665,2024-10-23
102,Kara,Lewis,kara.lewis102@example.com,0508222660,2023-07-08
103,Karen,Chase,karen.chase103@example.com,0509086750,2025-06-19
104,Karen,Carter,karen.carter104@example.com,0503973277,2023-04-09
105,Kristy,Larson,kristy.larson105@example.com,0502666716,2025-09-28
106,James,Rodriguez,james.rodriguez106@example.com,0505801723,2024-04-15
107,Christopher,Scott,christopher.scott107@example.com,0509366842,2025-06-17
108,Lawrence,Martin,lawrence.martin108@example.com,0506796273,2024-03-13
109,Michaela,Bentley,michaela.bentley109@example.com,0507284164,2025-07-23
110,Kendra,Fernandez,kendra.fernandez110@example.com,0502827609,2026-01-01
111,Christina,Woods,christina.woods111@example.com,0502886907,2024-08-11
112,Tamara,Phillips,tamara.phillips112@example.com,0501290782,2024-08-29
113,Alison,Silva,alison.silva113@example.com,0504075612,2025-09-04
114,Gregory,Jones,gregory.jones114@example.com,0509883203,2024-08-27
115,Travis,Barr,travis.barr115@example.com,0507159629,2024-01-02
116,Jesse,Wilson,jesse.wilson116@example.com,0502382796,2024-05-26
117,Jonathan,Bowen,jonathan.bowen117@example.com,0503842405,2024-06-11
118,Spencer,Garcia,spencer.garcia118@example.com,0505953205,2023-06-27
119,Daniel,Lewis,daniel.lewis119@example.com,0509828482,2025-02-20
120,James,Sullivan,james.sullivan120@example.com,0508533703,2023-04-29
121,Christopher,Hunt,christopher.hunt121@example.com,0501001145,2023-04-13
122,Daniel,Payne,daniel.payne122@example.com,0509620527,2023-06-17
123,Tina,Hall,tina.hall123@example.com,0503649822,2023-09-26
124,Aaron,Herrera,aaron.herrera124@example.com,0507971199,2025-04-23
125,Sue,Winters,sue.winters125@example.com,0502100539,2024-04-06
126,Sierra,Williams,sierra.williams126@example.com,0501689768,2025-05-13
127,Miranda,Dennis,miranda.dennis127@example.com,0504756718,2025-11-25
128,Matthew,Bird,matthew.bird128@example.com,0508356397,2024-09-11
129,John,Johnson,john.johnson129@example.com,0503728435,2023-09-05
130,Krista,Romero,krista.romero130@example.com,0506368284,2024-09-07
131,Catherine,Miranda,catherine.miranda131@example.com,0505573291,2025-07-06
132,Stephanie,Elliott,stephanie.elliott132@example.com,0505556119,2023-10-29
133,Jose,Harrison,jose.harrison133@example.com,0509625009,2024-05-30
134,Colleen,Hanson,colleen.hanson134@example.com,0504261137,2024-03-22
135,Carol,Hess,carol.hess135@example.com,0508563915,2024-07-04
136,Kevin,Bush,kevin.bush136@example.com,0509902448,2025-02-04
137,Bradley,Morris,bradley.morris137@example.com,0505960158,2024-10-30
138,Marie,Harris,marie.harris138@example.com,0509184450,2023-12-22
139,Matthew,Allen,matthew.allen139@example.com,0509697700,2024-01-01
140,Samantha,Jones,samantha.jones140@example.com,0503255208,2023-01-12
141,Jeffrey,Dennis,jeffrey.dennis141@example.com,0503580827,2023-02-01
142,Joshua,Mcclure,joshua.mcclure142@example.com,0501086493,2025-03-09
143,James,Taylor,james.taylor143@example.com,0507113047,2024-04-19
144,David,Heath,david.heath144@example.com,0507666884,2023-04-11
145,Bailey,Greene,bailey.greene145@example.com,0508942250,2023-03-28
146,Tara,Schneider,tara.schneider146@example.com,0502091916,2023-10-30
147,Shane,Bradford,shane.bradford147@example.com,0508863863,2025-07-11
148,Deborah,Hanna,deborah.hanna148@example.com,0506931744,2024-01-15
149,Danny,Herring,danny.herring149@example.com,0503531800,2024-08-06
150,Jennifer,Parker,jennifer.parker150@example.com,0501071043,2024-05-10
151,Lisa,Anthony,lisa.anthony151@example.com,0505642573,2024-06-27
152,Kelly,Morgan,kelly.morgan152@example.com,0504386836,2024-04-05
153,Sarah,Fletcher,sarah.fletcher153@example.com,0503032847,2023-02-03
154,Shannon,Wolfe,shannon.wolfe154@example.com,0508740774,2024-05-22
155,Kathy,Jensen,kathy.jensen155@example.com,0501765102,2023-04-04
156,Stephanie,Bailey,stephanie.bailey156@example.com,0509629556,2023-06-25
157,Steven,Fitzpatrick,steven.fitzpatrick157@example.com,0501161165,2025-03-08
158,Diana,Elliott,diana.elliott158@example.com,0501079576,2024-01-05
159,Joseph,Simmons,joseph.simmons159@example.com,0509910450,2024-02-07
160,Kristen,Vasquez,kristen.vasquez160@example.com,0504006562,2025-04-28
161,Lance,Schmidt,lance.schmidt161@example.com,0507304109,2025-12-29
162,Wesley,Vasquez,wesley.vasquez162@example.com,0507749764,2023-12-30
163,Laura,Gomez,laura.gomez163@example.com,0503591847,2024-06-01
164,Angela,Horton,angela.horton164@example.com,0509288710,2023-07-22
165,Ronald,Thomas,ronald.thomas165@example.com,0508867444,2024-05-02
166,Annette,Butler,annette.butler166@example.com,0508470693,2024-01-18
167,Jenna,Short,jenna.short167@example.com,0509456672,2024-12-15
168,Jennifer,Hernandez,jennifer.hernandez168@example.com,0509569878,2023-12-28
169,Sandy,Black,sandy.black169@example.com,0507817599,2025-08-17
170,Rachel,Arellano,rachel.arellano170@example.com,0504440250,2024-07-12
171,Samantha,Lopez,samantha.lopez171@example.com,0503430627,2025-06-16
172,Carmen,Henson,carmen.henson172@example.com,0503325532,2024-07-22
173,Sarah,Mcclain,sarah.mcclain173@example.com,0506885364,2024-06-27
174,Holly,Martinez,holly.martinez174@example.com,0505718390,2025-10-20
175,Christina,Anthony,christina.anthony175@example.com,0504717010,2023-01-24
176,Joseph,Wilson,joseph.wilson176@example.com,0507229061,2023-10-11
177,Sarah,Guerrero,sarah.guerrero177@example.com,0503263958,2025-01-22
178,Jose,Ward,jose.ward178@example.com,0508451314,2024-02-18
179,Erin,Evans,erin.evans179@example.com,0506576494,2023-05-21
180,Hunter,Thompson,hunter.thompson180@example.com,0505686637,2024-09-25
181,Dana,Sullivan,dana.sullivan181@example.com,0502438185,2024-04-27
182,Brittany,Anderson,brittany.anderson182@example.com,0509243962,2024-01-04
183,Teresa,Sanchez,teresa.sanchez183@example.com,0505280957,2025-03-01
184,Nicholas,Campbell,nicholas.campbell184@example.com,0508860128,2023-02-26
185,Justin,Vasquez,justin.vasquez185@example.com,0503902817,2025-04-23
186,Judy,Torres,judy.torres186@example.com,0507322249,2024-06-22
187,Karen,Fletcher,karen.fletcher187@example.com,0501678421,2025-03-27
188,Ryan,Fuller,ryan.fuller188@example.com,0509330333,2023-08-01
189,Linda,James,linda.james189@example.com,0503854498,2024-04-15
190,John,Villegas,john.villegas190@example.com,0502996006,2024-07-27
191,Danielle,Miller,danielle.miller191@example.com,0505315817,2024-05-21
192,Lisa,Estes,lisa.estes192@example.com,0502354060,2023-01-28
193,Mason,Tran,mason.tran193@example.com,0507195784,2025-12-06
194,Steven,Hamilton,steven.hamilton194@example.com,0506026266,2024-12-24
195,Michael,Chavez,michael.chavez195@example.com,0505039326,2023-08-03
196,Angela,Hall,angela.hall196@example.com,0507018190,2025-06-06
197,David,Anderson,david.anderson197@example.com,0507004412,2025-11-12
198,Thomas,Morgan,thomas.morgan198@example.com,0506930297,2025-10-19
199,Dustin,Thomas,dustin.thomas199@example.com,0505559360,2023-08-02
200,Julie,Payne,julie.payne200@example.com,0508623996,2023-08-24
201,Katie,Rubio,katie.rubio201@example.com,0505036737,2023-03-15
202,Vanessa,Johnson,vanessa.johnson202@example.com,0504345494,2024-03-20
203,Jon,Martinez,jon.martinez203@example.com,0505980774,2024-11-06
204,Angela,Hall,angela.hall204@example.com,0503666969,2023-01-12
205,Mark,Jackson,mark.jackson205@example.com,0504686101,2025-08-06
206,Christopher,Johnson,christopher.johnson206@example.com,0504629381,2023-08-17
207,Jesse,Turner,jesse.turner207@example.com,0507214089,2023-02-23
208,Eric,Conway,eric.conway208@example.com,0503086570,2024-04-22
209,Melissa,Brown,melissa.brown209@example.com,0502985994,2023-12-29
210,Brittany,Gaines,brittany.gaines210@example.com,0506052057,2024-03-08
211,Crystal,Diaz,crystal.diaz211@example.com,0507957051,2023-10-31
212,David,Hays,david.hays212@example.com,0501876733,2024-03-23
213,Brian,Johnson,brian.johnson213@example.com,0507044529,2023-08-26
214,Kenneth,Martinez,kenneth.martinez214@example.com,0505657295,2023-10-28
215,Christopher,Knight,christopher.knight215@example.com,0504097966,2025-07-12
216,Keith,Ingram,keith.ingram216@example.com,0505960858,2025-09-14
217,Megan,Howell,megan.howell217@example.com,0501785560,2023-08-23
218,Courtney,Henderson,courtney.henderson218@example.com,0506366815,2023-10-29
219,Allen,Campbell,allen.campbell219@example.com,0501845614,2024-08-03
220,Thomas,Frank,thomas.frank220@example.com,0506093219,2023-09-11
221,Alexandra,Arroyo,alexandra.arroyo221@example.com,0507797140,2024-03-05
222,Michelle,Ferguson,michelle.ferguson222@example.com,0505370967,2025-12-26
223,Holly,Sandoval,holly.sandoval223@example.com,0505888554,2024-02-24
224,Sean,Martin,sean.martin224@example.com,0508392543,2023-08-01
225,Joyce,Phillips,joyce.phillips225@example.com,0503459120,2024-09-22
226,Fernando,Moore,fernando.moore226@example.com,0507693106,2023-01-16
227,Gwendolyn,Williams,gwendolyn.williams227@example.com,0507510776,2023-10-18
228,Amanda,Mack,amanda.mack228@example.com,0503361367,2023-01-18
229,Lauren,Garcia,lauren.garcia229@example.com,0501356456,2025-10-21
230,Michael,Reynolds,michael.reynolds230@example.com,0506037116,2024-05-20
231,Katelyn,Larson,katelyn.larson231@example.com,0502262547,2024-11-10
232,Lisa,Lopez,lisa.lopez232@example.com,0501902519,2024-10-11
233,Jessica,Franco,jessica.franco233@example.com,0508465347,2023-09-26
234,Ryan,Ibarra,ryan.ibarra234@example.com,0502567867,2023-09-24
235,Jeffrey,Waller,jeffrey.waller235@example.com,0509261709,2024-08-22
236,Kyle,Gonzalez,kyle.gonzalez236@example.com,0503034763,2025-06-03
237,James,Mccoy,james.mccoy237@example.com,0509669980,2024-07-19
238,Matthew,Rowe,matthew.rowe238@example.com,0509575923,2023-07-24
239,Sherry,Martinez,sherry.martinez239@example.com,0509680905,2023-05-10
240,Michael,Norton,michael.norton240@example.com,0503990008,2024-09-20
241,Jason,Ramirez,jason.ramirez241@example.com,0507364240,2024-10-02
242,George,Brooks,george.brooks242@example.com,0506862050,2023-01-25
243,Sarah,Moore,sarah.moore243@example.com,0505369678,2023-12-04
244,Chelsea,Sparks,chelsea.sparks244@example.com,0507334093,2024-04-08
245,Jeanette,Brock,jeanette.brock245@example.com,0503930049,2023-12-14
246,Angela,Brown,angela.brown246@example.com,0506662035,2023-03-22
247,Wendy,Moreno,wendy.moreno247@example.com,0503879136,2024-06-15
248,Virginia,Whitaker,virginia.whitaker248@example.com,0509036573,2024-11-26
249,Annette,Bautista,annette.bautista249@example.com,0508364152,2025-06-19
250,Daniel,Nichols,daniel.nichols250@example.com,0505686901,2023-02-24
251,Sarah,Smith,sarah.smith251@example.com,0507689789,2024-12-18
252,Megan,Graves,megan.graves252@example.com,0509831829,2023-09-20
253,Christian,Martinez,christian.martinez253@example.com,0509838019,2023-08-27
254,Barbara,Garner,barbara.garner254@example.com,0503924168,2023-02-07
255,Theodore,Ross,theodore.ross255@example.com,0503704215,2024-02-04
256,Whitney,Ferguson,whitney.ferguson256@example.com,0505000875,2025-03-08
257,Erin,Hicks,erin.hicks257@example.com,0508435803,2023-08-09
258,Melissa,Rivera,melissa.rivera258@example.com,0504075322,2025-07-18
259,Linda,Ryan,linda.ryan259@example.com,0504393095,2024-02-11
260,Haley,Miller,haley.miller260@example.com,0501122497,2024-11-12
261,Richard,Mendoza,richard.mendoza261@example.com,0507704234,2023-10-30
262,Dawn,Gould,dawn.gould262@example.com,0508516672,2024-05-17
263,John,Williams,john.williams263@example.com,0508301020,2024-07-10
264,Shannon,Meadows,shannon.meadows264@example.com,0507675830,2023-11-10
265,Becky,Nguyen,becky.nguyen265@example.com,0502133438,2023-05-26
266,Michael,Graves,michael.graves266@example.com,0507044869,2024-11-24
267,Mark,Kim,mark.kim267@example.com,0504201556,2023-02-15
268,James,Richardson,james.richardson268@example.com,0501051923,2025-07-23
269,Amanda,Tucker,amanda.tucker269@example.com,0503973608,2025-07-24
270,Heather,Gonzalez,heather.gonzalez270@example.com,0504942414,2023-07-24
271,Alyssa,Roy,alyssa.roy271@example.com,0504951116,2023-05-22
272,Wendy,Alvarez,wendy.alvarez272@example.com,0505236483,2023-03-18
273,James,Williams,james.williams273@example.com,0509806135,2024-02-13
274,Cameron,Miller,cameron.miller274@example.com,0506893248,2025-09-06
275,Cassandra,Hall,cassandra.hall275@example.com,0503537518,2023-12-27
276,Ashley,Charles,ashley.charles276@example.com,0502642741,2024-06-19
277,Joshua,Castillo,joshua.castillo277@example.com,0501914321,2025-06-21
278,Ashley,Morgan,ashley.morgan278@example.com,0501270733,2023-10-06
279,Matthew,Hernandez,matthew.hernandez279@example.com,0505743554,2025-03-07
280,Jason,Rhodes,jason.rhodes280@example.com,0509266929,2024-09-15
281,Lisa,Butler,lisa.butler281@example.com,0505935385,2025-11-17
282,Lindsey,West,lindsey.west282@example.com,0505238321,2023-01-23
283,Tammy,Hess,tammy.hess283@example.com,0505781541,2023-01-09
284,John,Rich,john.rich284@example.com,0501082826,2024-12-26
285,Michael,Williams,michael.williams285@example.com,0504963600,2024-12-22
286,Christopher,Stevens,christopher.stevens286@example.com,0507145329,2024-09-05
287,Raven,Taylor,raven.taylor287@example.com,0503912825,2023-09-22
288,Brian,Kennedy,brian.kennedy288@example.com,0509354209,2024-08-03
289,Jasmine,Smith,jasmine.smith289@example.com,0503262460,2024-09-15
290,Stephen,Bell,stephen.bell290@example.com,0502152023,2023-12-19
291,Corey,White,corey.white291@example.com,0501625282,2026-01-01
292,Emily,Newton,emily.newton292@example.com,0508729824,2023-08-23
293,Danielle,Mejia,danielle.mejia293@example.com,0507920462,2023-11-29
294,Patricia,Smith,patricia.smith294@example.com,0505684504,2024-02-21
295,Christopher,Green,christopher.green295@example.com,0502319790,2023-09-22
296,Mark,Griffith,mark.griffith296@example.com,0501467969,2023-08-29
297,Virginia,Erickson,virginia.erickson297@example.com,0508896657,2023-05-10
298,David,Moore,david.moore298@example.com,0501222533,2023-08-26
299,Crystal,Vasquez,crystal.vasquez299@example.com,0503368424,2023-07-29
300,Philip,Rodriguez,philip.rodriguez300@example.com,0505272685,2025-04-14
301,Terri,Gutierrez,terri.gutierrez301@example.com,0501981638,2023-07-30
302,Christopher,Brady,christopher.brady302@example.com,0504059330,2024-04-18
303,Christina,Cruz,christina.cruz303@example.com,0504900907,2024-05-30
304,Michael,Carpenter,michael.carpenter304@example.com,0506740916,2024-10-20
305,Anthony,Rivera,anthony.rivera305@example.com,0507673225,2023-12-21
306,Justin,Smith,justin.smith306@example.com,0508931168,2024-05-29
307,Stephen,Terry,stephen.terry307@example.com,0509693849,2025-12-10
308,Amy,Mitchell,amy.mitchell308@example.com,0505096379,2025-07-16
309,Kimberly,Taylor,kimberly.taylor309@example.com,0501125194,2024-09-08
310,Terri,Jordan,terri.jordan310@example.com,0509933609,2025-11-03
311,Michelle,Copeland,michelle.copeland311@example.com,0509849952,2024-03-09
312,Susan,Weber,susan.weber312@example.com,0508645681,2023-03-15
313,Walter,Bradley,walter.bradley313@example.com,0508199436,2023-04-17
314,Mark,Lloyd,mark.lloyd314@example.com,0507543892,2024-11-02
315,Travis,Lopez,travis.lopez315@example.com,0506107615,2025-09-20
316,Dan,Morales,dan.morales316@example.com,0507789841,2023-05-20
317,Crystal,Bennett,crystal.bennett317@example.com,0507767235,2023-04-29
318,John,Wilson,john.wilson318@example.com,0508658687,2025-10-18
319,Nicholas,Snyder,nicholas.snyder319@example.com,0505029963,2024-01-07
320,Isabel,Morton,isabel.morton320@example.com,0506846590,2025-11-23
321,Heather,Fox,heather.fox321@example.com,0505078584,2024-11-03
322,William,Ramos,william.ramos322@example.com,0505932073,2023-01-24
323,Derek,Smith,derek.smith323@example.com,0501584199,2024-02-24
324,Kathleen,Green,kathleen.green324@example.com,0504065359,2023-10-14
325,Joseph,Sparks,joseph.sparks325@example.com,0506473170,2025-08-14
326,Blake,French,blake.french326@example.com,0505794844,2025-11-30
327,Gina,George,gina.george327@example.com,0509926650,2026-01-04
328,Jeffrey,Thompson,jeffrey.thompson328@example.com,0509156932,2025-08-17
329,Tracy,Romero,tracy.romero329@example.com,0508166861,2023-03-27
330,Wendy,Yoder,wendy.yoder330@example.com,0506898193,2025-12-28
331,Antonio,Scott,antonio.scott331@example.com,0503730042,2025-02-08
332,Mark,Johnson,mark.johnson332@example.com,0502510443,2025-03-05
333,Benjamin,Anderson,benjamin.anderson333@example.com,0507625674,2024-11-18
334,Luis,Cordova,luis.cordova334@example.com,0501998569,2024-02-08
335,John,Hampton,john.hampton335@example.com,0509834549,2025-06-26
336,Gary,Gonzalez,gary.gonzalez336@example.com,0506241076,2024-05-20
337,Andrew,Todd,andrew.todd337@example.com,0501069197,2023-11-11
338,Laura,Ross,laura.ross338@example.com,0509624816,2025-07-18
339,Cody,Hunt,cody.hunt339@example.com,0502015826,2023-03-25
340,Kathleen,Brown,kathleen.brown340@example.com,0508417023,2024-05-05
341,Zachary,Perkins,zachary.perkins341@example.com,0505760998,2025-07-10
342,Tonya,Smith,tonya.smith342@example.com,0506305106,2023-03-12
343,Patrick,Johnson,patrick.johnson343@example.com,0502594222,2023-11-03
344,Joe,Jordan,joe.jordan344@example.com,0502336080,2024-01-30
345,Andrea,Hoffman,andrea.hoffman345@example.com,0505569083,2023-03-14
346,Sue,Smith,sue.smith346@example.com,0509879585,2025-11-29
347,Steven,Thompson,steven.thompson347@example.com,0504086297,2023-03-12
348,Kevin,Thompson,kevin.thompson348@example.com,0508642589,2024-04-28
349,Danielle,King,danielle.king349@example.com,0509887226,2024-02-05
350,Heather,Fox,heather.fox350@example.com,0505312338,2025-12-29
351,Debbie,Hall,debbie.hall351@example.com,0504246708,2024-11-14
352,Eric,Jackson,eric.jackson352@example.com,0509471730,2025-04-22
353,Brooke,Robinson,brooke.robinson353@example.com,0506579857,2025-10-18
354,Christopher,Schroeder,christopher.schroeder354@example.com,0505986363,2024-11-14
355,Mark,Williams,mark.williams355@example.com,0504319112,2025-04-03
356,Melvin,Marks,melvin.marks356@example.com,0506039772,2024-01-15
357,Ryan,Reed,ryan.reed357@example.com,0507705703,2023-08-27
358,Audrey,Flores,audrey.flores358@example.com,0503640078,2025-12-03
359,Andre,Myers,andre.myers359@example.com,0504419833,2023-12-01
360,Christopher,Potts,christopher.potts360@example.com,0503123134,2025-03-01
361,Brandon,Davis,brandon.davis361@example.com,0501971539,2023-06-12
362,Steven,Perry,steven.perry362@example.com,0505431388,2024-06-18
363,Melissa,Santiago,melissa.santiago363@example.com,0504875675,2024-09-07
364,Christopher,Thompson,christopher.thompson364@example.com,0505134814,2025-10-25
365,Robert,Guzman,robert.guzman365@example.com,0503814096,2024-08-07
366,Ryan,Thomas,ryan.thomas366@example.com,0508679154,2025-01-13
367,Stephanie,Kim,stephanie.kim367@example.com,0502703497,2025-01-31
368,Kimberly,Harrison,kimberly.harrison368@example.com,0502477180,2024-06-07
369,Alan,Kim,alan.kim369@example.com,0506073845,2024-01-14
370,Marie,Howell,marie.howell370@example.com,0507942110,2025-03-07
371,Erin,Smith,erin.smith371@example.com,0501184832,2025-01-06
372,Wanda,Faulkner,wanda.faulkner372@example.com,0502932672,2023-05-14
373,Diane,Stevens,diane.stevens373@example.com,0504824694,2023-07-10
374,Reginald,Williams,reginald.williams374@example.com,0502345385,2023-12-19
375,Kimberly,Scott,kimberly.scott375@example.com,0501138861,2024-01-06
376,Suzanne,Riley,suzanne.riley376@example.com,0501186727,2024-03-06
377,Tammy,Parrish,tammy.parrish377@example.com,0504102201,2025-12-05
378,Samuel,Garcia,samuel.garcia378@example.com,0501194386,2024-05-16
379,Andrew,Smith,andrew.smith379@example.com,0505160648,2023-05-02
380,Rickey,Evans,rickey.evans380@example.com,0505261603,2023-10-15
381,Amy,Perez,amy.perez381@example.com,0505016141,2023-09-03
382,Jennifer,White,jennifer.white382@example.com,0501541208,2023-10-20
383,Brenda,Martin,brenda.martin383@example.com,0509048198,2023-11-18
384,Matthew,Wilcox,matthew.wilcox384@example.com,0502977305,2025-11-14
385,Sherry,Brooks,sherry.brooks385@example.com,0506011946,2024-08-30
386,Samantha,Holloway,samantha.holloway386@example.com,0502288270,2024-03-05
387,Heather,Flores,heather.flores387@example.com,0506691622,2025-12-17
388,Frank,Combs,frank.combs388@example.com,0506912322,2025-01-23
389,Joshua,Thompson,joshua.thompson389@example.com,0506987660,2025-11-03
390,Makayla,Harris,makayla.harris390@example.com,0509108547,2024-07-10
391,Robert,Marshall,robert.marshall391@example.com,0507322740,2023-05-10
392,Martin,Wilson,martin.wilson392@example.com,0507118746,2024-08-09
393,Mario,Fuller,mario.fuller393@example.com,0507070965,2023-02-10
394,Bridget,Sheppard,bridget.sheppard394@example.com,0507423555,2024-03-25
395,Joseph,Miller,joseph.miller395@example.com,0509645132,2023-04-16
396,Andrew,Fowler,andrew.fowler396@example.com,0505567701,2024-01-12
397,Christopher,Pace,christopher.pace397@example.com,0501985560,2024-03-01
398,Antonio,Jones,antonio.jones398@example.com,0504459077,2024-11-26
399,Michelle,Hall,michelle.hall399@example.com,0509855669,2023-09-27
400,Maureen,Hamilton,maureen.hamilton400@example.com,0508298373,2024-06-12
401,John,Sanchez,john.sanchez401@example.com,0506605434,2024-02-04
402,Eric,Perry,eric.perry402@example.com,0506521280,2023-08-14
403,Stephen,Harding,stephen.harding403@example.com,0502463848,2023-06-07
404,Jared,Larson,jared.larson404@example.com,0501783607,2023-08-23
405,Daniel,Cruz,daniel.cruz405@example.com,0505381861,2023-02-25
406,Melody,Thompson,melody.thompson406@example.com,0508260132,2024-01-04
407,Erika,Blake,erika.blake407@example.com,0508400651,2025-08-23
408,Emily,Wright,emily.wright408@example.com,0505418513,2024-05-10
409,Jerome,Brown,jerome.brown409@example.com,0506555699,2025-05-16
410,Morgan,Baker,morgan.baker410@example.com,0503173477,2023-02-03
411,Brandon,Clark,brandon.clark411@example.com,0504949914,2023-02-12
412,Ellen,Kennedy,ellen.kennedy412@example.com,0508313520,2025-02-19
413,Jonathan,Cross,jonathan.cross413@example.com,0507124956,2023-12-23
414,Damon,Robertson,damon.robertson414@example.com,0509339335,2023-01-17
415,Alan,Morris,alan.morris415@example.com,0506861176,2023-07-23
416,Kristin,Allen,kristin.allen416@example.com,0503202365,2024-03-11
417,Calvin,Hall,calvin.hall417@example.com,0508452342,2024-06-26
418,Bryan,Garcia,bryan.garcia418@example.com,0502246718,2025-10-29
419,Peter,Copeland,peter.copeland419@example.com,0501272466,2023-01-25
420,Karen,Rice,karen.rice420@example.com,0507039501,2025-09-13
421,Cheryl,Day,cheryl.day421@example.com,0502426329,2025-11-28
422,Joan,Brown,joan.brown422@example.com,0508909216,2023-09-24
423,Michael,Stein,michael.stein423@example.com,0506119677,2025-02-20
424,Stephen,Hamilton,stephen.hamilton424@example.com,0509092999,2023-04-02
425,Brandy,Smith,brandy.smith425@example.com,0505691220,2023-02-07
426,Jason,Wright,jason.wright426@example.com,0501254418,2023-10-29
427,Alyssa,Williams,alyssa.williams427@example.com,0505336987,2023-06-11
428,Margaret,Adams,margaret.adams428@example.com,0506760501,2024-01-03
429,Carrie,Smith,carrie.smith429@example.com,0507843119,2023-03-04
430,Tammy,Hurley,tammy.hurley430@example.com,0502083171,2024-06-11
431,Abigail,Bishop,abigail.bishop431@example.com,0504700285,2024-10-08
432,Billy,Martin,billy.martin432@example.com,0505123035,2024-09-30
433,George,Dixon,george.dixon433@example.com,0503189181,2024-06-28
434,Paul,Moody,paul.moody434@example.com,0506538823,2024-07-01
435,Michele,Meyer,michele.meyer435@example.com,0502003354,2025-01-14
436,Rebecca,Stanley,rebecca.stanley436@example.com,0507276070,2023-07-05
437,Wendy,Daniels,wendy.daniels437@example.com,0504531296,2024-06-07
438,Timothy,Le,timothy.le438@example.com,0508126335,2025-12-18
439,Adrian,Bowers,adrian.bowers439@example.com,0509633274,2023-01-06
440,Heather,James,heather.james440@example.com,0508594029,2023-08-21
441,David,Green,david.green441@example.com,0505041120,2024-10-14
442,Carol,Williams,carol.williams442@example.com,0508818908,2024-11-13
443,Jessica,Medina,jessica.medina443@example.com,0506911866,2023-07-14
444,Ryan,Williams,ryan.williams444@example.com,0506480143,2024-02-29
445,Louis,Brooks,louis.brooks445@example.com,0504377457,2023-02-26
446,Jeffery,Gallegos,jeffery.gallegos446@example.com,0508892760,2025-06-07
447,Yesenia,Vang,yesenia.vang447@example.com,0504154620,2023-12-27
448,Robert,Cox,robert.cox448@example.com,0509933529,2023-01-10
449,Danielle,Torres,danielle.torres449@example.com,0509418013,2023-07-10
450,Jason,Mclaughlin,jason.mclaughlin450@example.com,0506523937,2025-09-18
451,Jennifer,Martin,jennifer.martin451@example.com,0505581845,2023-01-29
452,Frank,Parker,frank.parker452@example.com,0509471070,2025-02-27
453,Tamara,Moore,tamara.moore453@example.com,0505320274,2024-12-31
454,Micheal,Hernandez,micheal.hernandez454@example.com,0506722503,2024-05-15
455,Steven,Davenport,steven.davenport455@example.com,0501621541,2025-12-17
456,Stacey,Simmons,stacey.simmons456@example.com,0507285151,2025-02-15
457,Robert,Wang,robert.wang457@example.com,0508802027,2023-09-11
458,Gabriella,Coleman,gabriella.coleman458@example.com,0505064406,2024-06-09
459,Ronald,Baker,ronald.baker459@example.com,0501296175,2025-04-30
460,Mark,Steele,mark.steele460@example.com,0505238855,2023-12-20
461,Bryan,Daugherty,bryan.daugherty461@example.com,0507687396,2023-12-14
462,Tiffany,Campbell,tiffany.campbell462@example.com,0503749852,2024-06-23
463,Heather,Snyder,heather.snyder463@example.com,0507491730,2023-12-09
464,Brad,Smith,brad.smith464@example.com,0508738635,2023-10-21
465,Kimberly,Young,kimberly.young465@example.com,0502496102,2023-11-08
466,Lisa,Jackson,lisa.jackson466@example.com,0505296119,2023-03-06
467,Jason,Brown,jason.brown467@example.com,0502106454,2025-06-06
468,Tracy,White,tracy.white468@example.com,0506104004,2025-01-11
469,Ashlee,Roberts,ashlee.roberts469@example.com,0507794885,2024-02-07
470,Russell,Rodriguez,russell.rodriguez470@example.com,0508387513,2024-02-20
471,David,Elliott,david.elliott471@example.com,0506848265,2023-08-08
472,Aaron,Santiago,aaron.santiago472@example.com,0506247070,2025-08-22
473,Amanda,Carter,amanda.carter473@example.com,0507926690,2023-09-13
474,Raymond,Perry,raymond.perry474@example.com,0507819027,2025-05-25
475,Sarah,Smith,sarah.smith475@example.com,0504766040,2025-05-12
476,Donna,Garcia,donna.garcia476@example.com,0509466513,2025-04-20
477,Alec,Lang,alec.lang477@example.com,0507076734,2024-03-23
478,Sarah,Gordon,sarah.gordon478@example.com,0506797692,2025-05-26
479,Jeremy,Moody,jeremy.moody479@example.com,0502677740,2023-09-25
480,Bonnie,Morris,bonnie.morris480@example.com,0509433838,2023-07-27
481,Charles,Lee,charles.lee481@example.com,0503826210,2023-04-13
482,Caitlin,Pace,caitlin.pace482@example.com,0503049885,2025-06-02
483,Shelby,Moore,shelby.moore483@example.com,0509320810,2024-04-20
484,Theresa,Baker,theresa.baker484@example.com,0502360899,2025-08-28
485,Keith,Williams,keith.williams485@example.com,0507016383,2023-12-02
486,Jessica,Bell,jessica.bell486@example.com,0503282897,2025-03-09
487,Joshua,Hall,joshua.hall487@example.com,0507297417,2024-09-23
488,Denise,Berg,denise.berg488@example.com,0504718170,2023-08-23
489,Debbie,Reese,debbie.reese489@example.com,0501380074,2024-01-26
490,April,Marshall,april.marshall490@example.com,0508246076,2024-10-29
491,Dakota,Cole,dakota.cole491@example.com,0505687199,2025-07-01
492,Kristen,Williams,kristen.williams492@example.com,0504018523,2025-03-27
493,Luis,Allen,luis.allen493@example.com,0508459514,2023-07-25
494,Jennifer,Richardson,jennifer.richardson494@example.com,0504095050,2024-06-01
495,Mary,Lopez,mary.lopez495@example.com,0501659318,2025-01-22
496,Marc,Cox,marc.cox496@example.com,0506691141,2025-03-20
497,Melissa,Stark,melissa.stark497@example.com,0508920389,2023-12-25
498,Jamie,Howe,jamie.howe498@example.com,0503461389,2025-03-09
499,Charles,Johnson,charles.johnson499@example.com,0501799273,2023-07-02
500,Anthony,Cook,anthony.cook500@example.com,0506107036,2025-07-04
501,Brittany,Hansen,brittany.hansen501@example.com,0506764640,2023-10-13
502,Jesus,Cameron,jesus.cameron502@example.com,0508181413,2025-12-07
503,Mark,Wilson,mark.wilson503@example.com,0501156573,2025-10-03
504,Keith,Riley,keith.riley504@example.com,0505860100,2024-05-05
505,Alyssa,Clark,alyssa.clark505@example.com,0507723454,2025-05-12
506,Courtney,Gordon,courtney.gordon506@example.com,0504854997,2024-03-19
507,Megan,Bender,megan.bender507@example.com,0506195004,2023-02-05
508,Ashley,Church,ashley.church508@example.com,0504695196,2025-05-11
509,Steven,Robbins,steven.robbins509@example.com,0506071403,2025-12-18
510,Adam,Galloway,adam.galloway510@example.com,0509008011,2023-10-11
511,Ashley,Sullivan,ashley.sullivan511@example.com,0506195368,2025-05-02
512,Phillip,Stark,phillip.stark512@example.com,0509020763,2024-05-17
513,Tammy,Curry,tammy.curry513@example.com,0502820685,2025-08-14
514,Megan,Wyatt,megan.wyatt514@example.com,0506338254,2024-06-09
515,Scott,Cooper,scott.cooper515@example.com,0506376245,2024-07-04
516,Donald,Scott,donald.scott516@example.com,0503216783,2024-02-18
517,Devon,Berry,devon.berry517@example.com,0503465117,2023-02-22
518,Elizabeth,Henderson,elizabeth.henderson518@example.com,0508752924,2024-10-16
519,Marcus,Kelley,marcus.kelley519@example.com,0508147296,2024-12-18
520,Rodney,Carter,rodney.carter520@example.com,0508377085,2024-11-13
521,Gerald,Norman,gerald.norman521@example.com,0504737233,2025-07-01
522,Jennifer,Stokes,jennifer.stokes522@example.com,0506624169,2023-09-29
523,Emma,Swanson,emma.swanson523@example.com,0509436931,2023-08-13
524,William,Romero,william.romero524@example.com,0507076273,2024-11-14
525,Ashley,Vaughn,ashley.vaughn525@example.com,0506995162,2024-06-13
526,Mckenzie,Stewart,mckenzie.stewart526@example.com,0506245459,2025-03-19
527,Virginia,Johnson,virginia.johnson527@example.com,0504793472,2025-05-13
528,Teresa,Herring,teresa.herring528@example.com,0506496509,2023-10-08
529,Kristina,Mays,kristina.mays529@example.com,0501183666,2023-05-02
530,Richard,Christensen,richard.christensen530@example.com,0501452450,2024-06-16
531,Lisa,Chase,lisa.chase531@example.com,0507015670,2025-11-23
532,Brittany,Wright,brittany.wright532@example.com,0506598722,2025-06-25
533,Suzanne,Mitchell,suzanne.mitchell533@example.com,0502742059,2024-08-04
534,Vanessa,Robbins,vanessa.robbins534@example.com,0505988324,2024-03-30
535,Margaret,Byrd,margaret.byrd535@example.com,0501893428,2025-02-17
536,Billy,Garcia,billy.garcia536@example.com,0501105282,2023-09-13
537,Tina,Tran,tina.tran537@example.com,0508778524,2023-03-31
538,Scott,Smith,scott.smith538@example.com,0505713612,2025-07-10
539,Jose,Hughes,jose.hughes539@example.com,0503844163,2025-02-23
540,Kimberly,Williams,kimberly.williams540@example.com,0503348048,2024-07-09
541,Amy,Roy,amy.roy541@example.com,0509076978,2023-09-22
542,Gina,Hunt,gina.hunt542@example.com,0502387519,2023-02-03
543,Justin,Grant,justin.grant543@example.com,0504676662,2023-04-07
544,Jennifer,Rodriguez,jennifer.rodriguez544@example.com,0504686935,2024-07-01
545,Jessica,Wagner,jessica.wagner545@example.com,0506034543,2025-05-25
546,Chelsea,Hernandez,chelsea.hernandez546@example.com,0503424091,2023-07-01
547,Jodi,Bender,jodi.bender547@example.com,0501201861,2024-05-15
548,Ryan,Choi,ryan.choi548@example.com,0508802092,2024-06-07
549,Allison,English,allison.english549@example.com,0505622648,2023-04-27
550,Thomas,Thomas,thomas.thomas550@example.com,0504596035,2023-06-30
551,George,Brown,george.brown551@example.com,0506286202,2025-07-13
552,Brian,Brown,brian.brown552@example.com,0501501733,2023-02-02
553,Duane,Lawson,duane.lawson553@example.com,0505226651,2023-12-06
554,Paula,Hall,paula.hall554@example.com,0501596099,2025-01-05
555,Christopher,Richardson,christopher.richardson555@example.com,0509468349,2025-06-21
556,Timothy,Davis,timothy.davis556@example.com,0501207037,2025-06-24
557,Michael,Ochoa,michael.ochoa557@example.com,0503529214,2025-11-25
558,Lisa,Gonzales,lisa.gonzales558@example.com,0502010097,2023-01-13
559,Michael,Payne,michael.payne559@example.com,0504509927,2025-05-14
560,Stephanie,Reed,stephanie.reed560@example.com,0505206734,2024-08-16
561,Robert,Ward,robert.ward561@example.com,0509417263,2025-07-20
562,Brian,Buchanan,brian.buchanan562@example.com,0507403421,2023-03-13
563,Laura,Glover,laura.glover563@example.com,0504710801,2023-06-22
564,Aaron,Macias,aaron.macias564@example.com,0503402891,2023-03-23
565,Dominique,Garcia,dominique.garcia565@example.com,0508074710,2025-11-13
566,Heather,Valdez,heather.valdez566@example.com,0508157882,2024-04-15
567,Michael,Bean,michael.bean567@example.com,0502308599,2025-04-09
568,Joseph,Branch,joseph.branch568@example.com,0507603362,2025-10-22
569,Nancy,Webb,nancy.webb569@example.com,0505368715,2024-09-15
570,Rachel,Salazar,rachel.salazar570@example.com,0506543262,2025-05-04
571,Gary,Cunningham,gary.cunningham571@example.com,0501656380,2024-08-09
572,Lynn,Berry,lynn.berry572@example.com,0503427801,2025-06-18
573,Kevin,Griffin,kevin.griffin573@example.com,0503752619,2025-01-31
574,Anthony,Murray,anthony.murray574@example.com,0504660681,2023-02-08
575,Sabrina,Higgins,sabrina.higgins575@example.com,0509335523,2025-10-05
576,Debra,Vasquez,debra.vasquez576@example.com,0504265741,2025-09-13
577,Donald,Simmons,donald.simmons577@example.com,0507392423,2023-12-29
578,David,Miller,david.miller578@example.com,0504051596,2024-04-23
579,Nicholas,Nichols,nicholas.nichols579@example.com,0501335284,2023-08-20
580,Alejandra,Torres,alejandra.torres580@example.com,0502675994,2023-09-04
581,David,Brown,david.brown581@example.com,0506171398,2023-01-18
582,Charlene,Sosa,charlene.sosa582@example.com,0503033041,2024-03-27
583,Cindy,Robinson,cindy.robinson583@example.com,0505634713,2025-07-11
584,Jay,Lawson,jay.lawson584@example.com,0505323110,2023-08-19
585,Martha,Chapman,martha.chapman585@example.com,0507477890,2025-03-08
586,Hayden,Wolf,hayden.wolf586@example.com,0506466167,2023-05-18
587,Christine,Maldonado,christine.maldonado587@example.com,0506597101,2023-05-10
588,Jesse,Aguirre,jesse.aguirre588@example.com,0508430950,2025-08-26
589,Angela,Arnold,angela.arnold589@example.com,0502490044,2023-03-18
590,Rodney,Byrd,rodney.byrd590@example.com,0506793778,2025-07-28
591,Gabriella,Estrada,gabriella.estrada591@example.com,0504219608,2025-07-17
592,Tammy,Mitchell,tammy.mitchell592@example.com,0501631160,2024-05-15
593,Thomas,Washington,thomas.washington593@example.com,0504243864,2023-10-04
594,Madeline,Palmer,madeline.palmer594@example.com,0504856719,2023-01-19
595,Michelle,Wade,michelle.wade595@example.com,0505940222,2025-02-23
596,William,Harmon,william.harmon596@example.com,0503614834,2024-12-05
597,Veronica,Castro,veronica.castro597@example.com,0505196316,2023-09-09
598,Carl,Hamilton,carl.hamilton598@example.com,0506736141,2025-06-12
599,Donna,Welch,donna.welch599@example.com,0506189157,2023-08-19
600,Cynthia,Kemp,cynthia.kemp600@example.com,0501504586,2025-08-09
601,Jennifer,Garcia,jennifer.garcia601@example.com,0501462694,2025-06-06
602,Kaitlyn,Hopkins,kaitlyn.hopkins602@example.com,0503253331,2025-07-20
603,Rebecca,Berry,rebecca.berry603@example.com,0509471660,2024-06-19
604,Paige,Singleton,paige.singleton604@example.com,0507680632,2023-09-27
605,Robert,Johnson,robert.johnson605@example.com,0504881460,2023-07-11
606,James,Cameron,james.cameron606@example.com,0509650496,2024-04-16
607,Jennifer,Walker,jennifer.walker607@example.com,0502765512,2025-02-21
608,Stephen,Myers,stephen.myers608@example.com,0508579938,2025-01-16
609,Michael,Cantrell,michael.cantrell609@example.com,0502849653,2025-05-03
610,Kelly,Sanchez,kelly.sanchez610@example.com,0505590898,2024-06-16
611,Michelle,Baker,michelle.baker611@example.com,0501339561,2025-08-22
612,Brendan,Padilla,brendan.padilla612@example.com,0501482802,2025-11-29
613,Renee,Spencer,renee.spencer613@example.com,0508742885,2024-05-17
614,Gordon,Wilson,gordon.wilson614@example.com,0502696046,2024-11-09
615,Sandra,Kramer,sandra.kramer615@example.com,0508229337,2023-04-08
616,Adam,Mccarthy,adam.mccarthy616@example.com,0503414327,2025-06-12
617,Michael,English,michael.english617@example.com,0507298375,2025-02-03
618,Grace,Wilson,grace.wilson618@example.com,0501301808,2023-01-22
619,Bradley,Sexton,bradley.sexton619@example.com,0502842653,2025-10-11
620,Maria,Meza,maria.meza620@example.com,0502843341,2025-01-28
621,Sean,Taylor,sean.taylor621@example.com,0501700662,2023-04-24
622,Stephen,Reid,stephen.reid622@example.com,0502515953,2025-05-15
623,Douglas,Cox,douglas.cox623@example.com,0503921735,2024-03-14
624,Erika,Holder,erika.holder624@example.com,0504021727,2023-07-23
625,Richard,Yang,richard.yang625@example.com,0504797488,2025-05-14
626,Michael,Hobbs,michael.hobbs626@example.com,0508371628,2025-03-03
627,Latoya,Nguyen,latoya.nguyen627@example.com,0501757709,2025-01-13
628,Angela,Rodriguez,angela.rodriguez628@example.com,0502234760,2024-03-11
629,Brandi,Hines,brandi.hines629@example.com,0508339509,2023-11-18
630,Janice,Snyder,janice.snyder630@example.com,0508564308,2024-12-26
631,Robert,Banks,robert.banks631@example.com,0503307798,2024-09-19
632,Brandon,Clark,brandon.clark632@example.com,0502550324,2024-03-23
633,Riley,Carter,riley.carter633@example.com,0503939364,2023-08-26
634,Joseph,Hubbard,joseph.hubbard634@example.com,0507763539,2024-05-04
635,John,Rose,john.rose635@example.com,0502191843,2023-03-26
636,Andrew,Carter,andrew.carter636@example.com,0504785214,2023-07-13
637,Donald,Frazier,donald.frazier637@example.com,0504646103,2023-10-31
638,Nathan,Moreno,nathan.moreno638@example.com,0508949576,2023-12-10
639,John,Carter,john.carter639@example.com,0508447934,2025-10-31
640,William,Jones,william.jones640@example.com,0508132744,2023-09-30
641,Michael,Freeman,michael.freeman641@example.com,0507922092,2023-09-11
642,Sally,Joseph,sally.joseph642@example.com,0501693055,2023-06-18
643,Brent,Hernandez,brent.hernandez643@example.com,0509724424,2024-09-08
644,Kurt,Evans,kurt.evans644@example.com,0507386433,2023-09-06
645,Jorge,Smith,jorge.smith645@example.com,0503661442,2024-08-03
646,Tara,Klein,tara.klein646@example.com,0503646521,2024-10-08
647,Richard,Cox,richard.cox647@example.com,0501982784,2025-11-18
648,Valerie,Gomez,valerie.gomez648@example.com,0505408527,2025-12-20
649,Daniel,Mcdonald,daniel.mcdonald649@example.com,0501883927,2025-05-31
650,Jennifer,Bauer,jennifer.bauer650@example.com,0506998085,2024-06-09
651,Alexandria,Lewis,alexandria.lewis651@example.com,0506363273,2024-06-18
652,Christopher,Gomez,christopher.gomez652@example.com,0507856520,2023-11-29
653,Kara,Bright,kara.bright653@example.com,0504254512,2024-07-08
654,Erika,Romero,erika.romero654@example.com,0502898650,2024-08-18
655,Cody,Miller,cody.miller655@example.com,0501242743,2024-07-11
656,Kelly,Young,kelly.young656@example.com,0505234368,2025-06-25
657,Timothy,Wilson,timothy.wilson657@example.com,0502022721,2023-08-09
658,Jerry,Williams,jerry.williams658@example.com,0506412340,2024-04-13
659,Brian,Barber,brian.barber659@example.com,0503039394,2024-03-29
660,Jacqueline,Mason,jacqueline.mason660@example.com,0509204762,2024-04-27
661,Caroline,Kemp,caroline.kemp661@example.com,0505037275,2024-12-28
662,James,Garcia,james.garcia662@example.com,0503488583,2023-06-12
663,James,Andrews,james.andrews663@example.com,0509673592,2025-03-31
664,Kevin,Flores,kevin.flores664@example.com,0503248687,2023-04-17
665,Jeffrey,Vargas,jeffrey.vargas665@example.com,0502129083,2024-08-26
666,Linda,Huang,linda.huang666@example.com,0503805355,2025-07-21
667,Kenneth,Stanley,kenneth.stanley667@example.com,0502624118,2025-02-04
668,James,Gonzalez,james.gonzalez668@example.com,0504601435,2025-04-20
669,Pamela,Davis,pamela.davis669@example.com,0506896816,2023-09-20
670,Edward,Riddle,edward.riddle670@example.com,0504092637,2023-12-03
671,Catherine,Mcmahon,catherine.mcmahon671@example.com,0503639134,2024-12-31
672,Sara,Vasquez,sara.vasquez672@example.com,0506357865,2025-01-01
673,Phyllis,Owens,phyllis.owens673@example.com,0508837808,2024-06-22
674,Tracy,Bauer,tracy.bauer674@example.com,0501112351,2025-11-20
675,Katherine,Newman,katherine.newman675@example.com,0506530769,2025-09-19
676,Eric,Williams,eric.williams676@example.com,0507667684,2025-09-28
677,Jacob,Jackson,jacob.jackson677@example.com,0505814110,2023-12-14
678,David,Logan,david.logan678@example.com,0507599635,2023-04-18
679,Joel,White,joel.white679@example.com,0501885588,2025-01-03
680,Sarah,Hernandez,sarah.hernandez680@example.com,0509474318,2025-07-03
681,Joshua,Munoz,joshua.munoz681@example.com,0504250085,2023-06-04
682,Joel,Bryant,joel.bryant682@example.com,0506532120,2023-12-17
683,Kathleen,Williams,kathleen.williams683@example.com,0505050782,2023-06-02
684,Tracy,Thompson,tracy.thompson684@example.com,0509816264,2025-02-10
685,Ricky,Figueroa,ricky.figueroa685@example.com,0505814947,2025-11-10
686,Andrew,Hall,andrew.hall686@example.com,0509783230,2024-02-08
687,Gregory,Williams,gregory.williams687@example.com,0508205363,2025-04-05
688,Gilbert,Macdonald,gilbert.macdonald688@example.com,0508913947,2024-03-06
689,Edward,Martinez,edward.martinez689@example.com,0502221942,2024-07-21
690,Ryan,Williams,ryan.williams690@example.com,0508825259,2023-11-23
691,Rodney,Herman,rodney.herman691@example.com,0503959605,2024-11-26
692,Richard,Harris,richard.harris692@example.com,0505806343,2025-02-26
693,Beth,Proctor,beth.proctor693@example.com,0509020784,2024-09-18
694,David,Martin,david.martin694@example.com,0505458084,2025-03-21
695,Gina,Park,gina.park695@example.com,0502153131,2023-09-19
696,Sean,Lane,sean.lane696@example.com,0509777672,2023-07-27
697,Beth,Bush,beth.bush697@example.com,0504529795,2025-02-20
698,Christopher,Johnson,christopher.johnson698@example.com,0504060276,2025-07-27
699,Colleen,Morse,colleen.morse699@example.com,0501904140,2024-03-27
700,Kathryn,Mora,kathryn.mora700@example.com,0507844737,2024-03-16
701,Pamela,Gonzalez,pamela.gonzalez701@example.com,0504877983,2023-04-05
702,Kelsey,Barron,kelsey.barron702@example.com,0509087739,2023-09-23
703,Kevin,Levy,kevin.levy703@example.com,0508543002,2024-09-21
704,Nicholas,Diaz,nicholas.diaz704@example.com,0502735965,2025-11-07
705,Melissa,Bennett,melissa.bennett705@example.com,0501219520,2025-12-03
706,Craig,Roberts,craig.roberts706@example.com,0508594632,2025-05-12
707,Michaela,Duncan,michaela.duncan707@example.com,0503204108,2023-07-19
708,Toni,Griffin,toni.griffin708@example.com,0508694066,2023-07-14
709,John,Friedman,john.friedman709@example.com,0507705828,2025-08-01
710,Lisa,Johnson,lisa.johnson710@example.com,0509690457,2023-02-19
711,Rachel,Thompson,rachel.thompson711@example.com,0509300553,2023-02-28
712,Anna,Reyes,anna.reyes712@example.com,0501910661,2023-03-01
713,Sheila,Calderon,sheila.calderon713@example.com,0507466042,2025-09-21
714,John,Cardenas,john.cardenas714@example.com,0509369496,2023-02-25
715,Shannon,Gonzales,shannon.gonzales715@example.com,0503887577,2024-03-25
716,Jason,Jones,jason.jones716@example.com,0501670817,2025-04-10
717,Melissa,Gonzalez,melissa.gonzalez717@example.com,0509677901,2024-09-22
718,Elaine,Huff,elaine.huff718@example.com,0501639284,2023-04-17
719,Martin,Walsh,martin.walsh719@example.com,0504376501,2023-07-11
720,Deanna,Burns,deanna.burns720@example.com,0505732792,2025-04-14
721,Brenda,Mitchell,brenda.mitchell721@example.com,0506356772,2025-09-19
722,Elizabeth,Perez,elizabeth.perez722@example.com,0507802848,2025-05-04
723,Andrew,Mcintyre,andrew.mcintyre723@example.com,0501641248,2025-11-21
724,Teresa,Pace,teresa.pace724@example.com,0506397327,2024-07-09
725,Morgan,Jefferson,morgan.jefferson725@example.com,0504217023,2024-10-22
726,Justin,Adams,justin.adams726@example.com,0507898190,2024-05-26
727,Marilyn,Long,marilyn.long727@example.com,0505354863,2024-06-15
728,Paige,Fry,paige.fry728@example.com,0501058286,2023-12-02
729,Samuel,Alvarez,samuel.alvarez729@example.com,0504103700,2025-10-25
730,Emily,Mcdonald,emily.mcdonald730@example.com,0503616963,2023-02-09
731,Danielle,Santana,danielle.santana731@example.com,0501568801,2024-04-28
732,Autumn,Fuller,autumn.fuller732@example.com,0506149152,2025-04-22
733,Howard,Chavez,howard.chavez733@example.com,0508383751,2025-11-24
734,Andre,Burgess,andre.burgess734@example.com,0501682576,2024-02-19
735,Adam,Williams,adam.williams735@example.com,0506989374,2023-08-02
736,Christopher,Thompson,christopher.thompson736@example.com,0506684047,2024-06-13
737,Bethany,Nunez,bethany.nunez737@example.com,0506580049,2025-05-25
738,Timothy,Mendoza,timothy.mendoza738@example.com,0504337200,2024-12-29
739,Christina,Buckley,christina.buckley739@example.com,0504633525,2023-07-08
740,Susan,Davila,susan.davila740@example.com,0509046586,2023-03-20
741,Patricia,Mills,patricia.mills741@example.com,0501576665,2025-07-06
742,Ruben,Williams,ruben.williams742@example.com,0509754973,2023-08-06
743,Mary,Cortez,mary.cortez743@example.com,0501760343,2025-01-30
744,Jennifer,Strickland,jennifer.strickland744@example.com,0503549827,2024-03-29
745,Eugene,Collins,eugene.collins745@example.com,0506004474,2024-08-07
746,Ronald,Gray,ronald.gray746@example.com,0508032947,2024-06-04
747,Susan,Richardson,susan.richardson747@example.com,0506759206,2023-05-27
748,Jonathan,Lane,jonathan.lane748@example.com,0507343663,2023-01-27
749,Anna,Briggs,anna.briggs749@example.com,0506705111,2023-03-05
750,Sandra,Hoover,sandra.hoover750@example.com,0509905623,2025-06-21
751,Catherine,Evans,catherine.evans751@example.com,0509582558,2024-11-11
752,Kevin,Walker,kevin.walker752@example.com,0505973457,2025-03-09
753,David,Stone,david.stone753@example.com,0507993098,2024-09-13
754,Julia,Frederick,julia.frederick754@example.com,0508704328,2023-09-03
755,William,Cunningham,william.cunningham755@example.com,0508035657,2025-01-02
756,Brandon,Cook,brandon.cook756@example.com,0502231798,2024-04-22
757,Kimberly,Ortiz,kimberly.ortiz757@example.com,0504211173,2025-04-29
758,Nicholas,Johnson,nicholas.johnson758@example.com,0507036704,2024-08-07
759,Gabriel,York,gabriel.york759@example.com,0503727054,2023-08-24
760,Kimberly,Newman,kimberly.newman760@example.com,0508746981,2024-02-23
761,Destiny,Weaver,destiny.weaver761@example.com,0509037015,2023-09-29
762,Brian,Beltran,brian.beltran762@example.com,0501389808,2023-04-01
763,Steve,Howard,steve.howard763@example.com,0501210908,2024-07-03
764,Cynthia,Porter,cynthia.porter764@example.com,0505698490,2024-04-12
765,Steven,Smith,steven.smith765@example.com,0503226238,2024-04-16
766,Ashley,Williamson,ashley.williamson766@example.com,0507908605,2023-04-01
767,Kimberly,Payne,kimberly.payne767@example.com,0505401807,2023-12-10
768,Alexandra,Barnes,alexandra.barnes768@example.com,0508492610,2025-12-28
769,Jared,Martin,jared.martin769@example.com,0501142843,2025-05-14
770,Joanne,Lane,joanne.lane770@example.com,0502294917,2025-08-17
771,Alexis,Chung,alexis.chung771@example.com,0505111340,2023-10-08
772,Alexandra,Olsen,alexandra.olsen772@example.com,0507227635,2025-03-17
773,Timothy,Williams,timothy.williams773@example.com,0503599518,2025-02-27
774,Carlos,Garcia,carlos.garcia774@example.com,0508956747,2025-07-23
775,Mary,Weiss,mary.weiss775@example.com,0504141180,2025-10-05
776,Robert,Gallegos,robert.gallegos776@example.com,0507682558,2023-03-29
777,Tiffany,Smith,tiffany.smith777@example.com,0503324709,2025-12-10
778,Maria,Bradshaw,maria.bradshaw778@example.com,0502895169,2025-03-28
779,Rachel,Garcia,rachel.garcia779@example.com,0507085918,2023-01-14
780,Penny,Ballard,penny.ballard780@example.com,0501795817,2023-04-22
781,Jennifer,Anderson,jennifer.anderson781@example.com,0508091319,2024-02-13
782,Mary,Kim,mary.kim782@example.com,0502935195,2025-12-04
783,Jamie,Clark,jamie.clark783@example.com,0501767312,2023-03-29
784,Christina,Cantu,christina.cantu784@example.com,0504929903,2025-06-15
785,Sarah,Mendoza,sarah.mendoza785@example.com,0501470676,2025-05-06
786,Elizabeth,Cochran,elizabeth.cochran786@example.com,0504254192,2025-05-28
787,Jose,Church,jose.church787@example.com,0502877322,2023-03-02
788,Michelle,Abbott,michelle.abbott788@example.com,0506820416,2023-12-02
789,Kendra,Watson,kendra.watson789@example.com,0503831821,2024-08-20
790,Paul,Collins,paul.collins790@example.com,0503638586,2024-07-18
791,Roger,Small,roger.small791@example.com,0505066978,2024-06-04
792,Tara,Watts,tara.watts792@example.com,0509666200,2024-10-13
793,Kendra,Benson,kendra.benson793@example.com,0502436451,2024-05-03
794,Carrie,Smith,carrie.smith794@example.com,0504594015,2025-02-04
795,Patrick,Simmons,patrick.simmons795@example.com,0502881352,2024-08-06
796,Lauren,Bauer,lauren.bauer796@example.com,0508058377,2024-05-03
797,Justin,Mendoza,justin.mendoza797@example.com,0502783273,2024-05-06
798,Kevin,Kane,kevin.kane798@example.com,0503700856,2023-12-06
799,Nicole,Reed,nicole.reed799@example.com,0505374850,2023-03-08
800,Stacy,Howard,stacy.howard800@example.com,0504025448,2023-01-20
801,Susan,Meza,susan.meza801@example.com,0502998241,2023-02-19
802,Cindy,Gardner,cindy.gardner802@example.com,0501464335,2025-04-12
803,Aaron,Casey,aaron.casey803@example.com,0503725443,2025-11-01
804,Shelby,Zimmerman,shelby.zimmerman804@example.com,0505050184,2023-03-28
805,Greg,Williams,greg.williams805@example.com,0501653077,2023-03-10
806,Roger,Villanueva,roger.villanueva806@example.com,0504347489,2025-10-28
807,Samantha,Allen,samantha.allen807@example.com,0507484366,2025-01-30
808,Janet,Blackburn,janet.blackburn808@example.com,0507674502,2025-09-08
809,Thomas,Weber,thomas.weber809@example.com,0506387450,2024-11-06
810,Melanie,Bowen,melanie.bowen810@example.com,0509211090,2025-02-03
811,Cynthia,Phillips,cynthia.phillips811@example.com,0501628789,2024-01-12
812,Christy,Barnes,christy.barnes812@example.com,0505342627,2024-09-04
813,Martha,Diaz,martha.diaz813@example.com,0502373071,2023-07-28
814,Carmen,White,carmen.white814@example.com,0506175422,2025-08-08
815,Amanda,Glenn,amanda.glenn815@example.com,0509929892,2023-11-24
816,Kristen,Smith,kristen.smith816@example.com,0502618288,2023-09-06
817,Lynn,Wilson,lynn.wilson817@example.com,0507644017,2025-07-02
818,Ashley,Jenkins,ashley.jenkins818@example.com,0504288962,2023-12-15
819,Michele,Barajas,michele.barajas819@example.com,0508282990,2023-01-25
820,Matthew,Hernandez,matthew.hernandez820@example.com,0501557859,2025-01-04
821,Matthew,Campbell,matthew.campbell821@example.com,0503507778,2024-08-30
822,Nicole,Henson,nicole.henson822@example.com,0509220081,2024-11-03
823,Shelly,Gonzalez,shelly.gonzalez823@example.com,0506275672,2024-05-05
824,Joyce,Taylor,joyce.taylor824@example.com,0506024266,2023-05-04
825,Jeffery,Roberts,jeffery.roberts825@example.com,0502845759,2023-09-24
826,Timothy,Cummings,timothy.cummings826@example.com,0508207664,2024-03-22
827,Sarah,Crosby,sarah.crosby827@example.com,0505064707,2024-08-25
828,Kathleen,Thomas,kathleen.thomas828@example.com,0502594888,2025-01-31
829,Andrew,Henry,andrew.henry829@example.com,0501357859,2025-01-14
830,Paula,Hebert,paula.hebert830@example.com,0504183749,2025-09-24
831,Sarah,Elliott,sarah.elliott831@example.com,0504354089,2025-11-13
832,Kristen,Mathis,kristen.mathis832@example.com,0507224665,2023-01-30
833,Robert,Harrison,robert.harrison833@example.com,0501274468,2023-11-18
834,Mary,Nichols,mary.nichols834@example.com,0509927359,2025-05-03
835,Andrew,Garcia,andrew.garcia835@example.com,0504995221,2024-07-15
836,William,Snyder,william.snyder836@example.com,0507756149,2023-08-01
837,Maxwell,Zimmerman,maxwell.zimmerman837@example.com,0508070547,2024-05-16
838,Brad,Reynolds,brad.reynolds838@example.com,0506546745,2025-11-23
839,Annette,Clark,annette.clark839@example.com,0506422241,2025-06-11
840,Amanda,Richardson,amanda.richardson840@example.com,0504736985,2024-07-01
841,Shannon,Rivera,shannon.rivera841@example.com,0504205369,2025-02-06
842,Troy,Wilson,troy.wilson842@example.com,0509321627,2024-09-30
843,Julie,Jones,julie.jones843@example.com,0503846236,2025-01-07
844,Albert,Wolfe,albert.wolfe844@example.com,0502150648,2025-02-05
845,Bianca,Gutierrez,bianca.gutierrez845@example.com,0508451836,2024-04-15
846,Tina,Oconnor,tina.oconnor846@example.com,0504403444,2024-08-11
847,Autumn,Conway,autumn.conway847@example.com,0502565104,2024-08-03
848,Erika,Kelly,erika.kelly848@example.com,0505552862,2025-03-20
849,Bianca,Johnston,bianca.johnston849@example.com,0509423853,2024-07-10
850,Ashley,Kelley,ashley.kelley850@example.com,0509170633,2024-02-02
851,Jennifer,Yates,jennifer.yates851@example.com,0506720450,2023-02-09
852,Jacqueline,Powers,jacqueline.powers852@example.com,0505117570,2025-06-19
853,Susan,Brown,susan.brown853@example.com,0505688196,2023-08-11
854,Sarah,Schmidt,sarah.schmidt854@example.com,0504152229,2025-08-24
855,Sarah,Thompson,sarah.thompson855@example.com,0509263648,2025-04-16
856,Jacob,Owens,jacob.owens856@example.com,0506257241,2023-04-19
857,Bradley,Rhodes,bradley.rhodes857@example.com,0507468366,2024-04-15
858,Autumn,Velazquez,autumn.velazquez858@example.com,0509003767,2025-07-10
859,Kathryn,Franklin,kathryn.franklin859@example.com,0504214648,2024-08-27
860,Robin,Richardson,robin.richardson860@example.com,0501159478,2024-11-10
861,William,Davis,william.davis861@example.com,0504609486,2024-03-03
862,Karen,Adams,karen.adams862@example.com,0508301379,2024-07-23
863,Jonathan,Oconnor,jonathan.oconnor863@example.com,0503303236,2024-04-22
864,Patricia,Black,patricia.black864@example.com,0506813107,2025-02-10
865,Colleen,Adams,colleen.adams865@example.com,0507123872,2023-10-19
866,Ashley,Rice,ashley.rice866@example.com,0506166446,2023-11-20
867,David,Smith,david.smith867@example.com,0509618062,2024-06-11
868,Patrick,Huang,patrick.huang868@example.com,0509130828,2023-12-21
869,Brittany,Durham,brittany.durham869@example.com,0505228138,2024-11-24
870,Tanya,Hahn,tanya.hahn870@example.com,0506204904,2023-04-04
871,Erica,Brown,erica.brown871@example.com,0506352479,2024-12-09
872,Michele,Davis,michele.davis872@example.com,0509334007,2023-07-20
873,Andrew,Harris,andrew.harris873@example.com,0508182871,2023-05-10
874,Darrell,Bird,darrell.bird874@example.com,0504719634,2025-06-07
875,Ricky,Brown,ricky.brown875@example.com,0505445365,2025-02-14
876,Elizabeth,Benson,elizabeth.benson876@example.com,0501891132,2025-02-13
877,Vincent,Simmons,vincent.simmons877@example.com,0509907318,2023-07-18
878,Nicole,Oconnor,nicole.oconnor878@example.com,0503117848,2025-10-25
879,Cheryl,Howard,cheryl.howard879@example.com,0502021075,2025-10-07
880,Angela,Turner,angela.turner880@example.com,0503454128,2024-07-31
881,Melissa,Schneider,melissa.schneider881@example.com,0507085119,2025-12-12
882,Hannah,Martinez,hannah.martinez882@example.com,0506023569,2023-08-04
883,Kyle,Gonzalez,kyle.gonzalez883@example.com,0505546549,2024-08-09
884,Tammy,Banks,tammy.banks884@example.com,0508142704,2023-04-17
885,Charles,Patterson,charles.patterson885@example.com,0507990047,2025-07-19
886,Mark,Tran,mark.tran886@example.com,0507234550,2025-06-22
887,Joseph,Wise,joseph.wise887@example.com,0506813859,2024-12-20
888,Michael,Griffith,michael.griffith888@example.com,0506628625,2023-12-09
889,Michael,Lewis,michael.lewis889@example.com,0502591344,2024-01-09
890,Katherine,Bauer,katherine.bauer890@example.com,0502318048,2023-05-31
891,Olivia,Anderson,olivia.anderson891@example.com,0506875408,2025-01-25
892,Victoria,Montoya,victoria.montoya892@example.com,0508637913,2024-02-06
893,Ashley,Davies,ashley.davies893@example.com,0508485783,2023-05-10
894,Susan,Barnes,susan.barnes894@example.com,0506115024,2024-09-03
895,Christopher,Smith,christopher.smith895@example.com,0506627629,2025-11-02
896,Brenda,Johnson,brenda.johnson896@example.com,0509552037,2025-07-31
897,Patrick,Coleman,patrick.coleman897@example.com,0508380976,2023-12-21
898,Joseph,Barnett,joseph.barnett898@example.com,0501880364,2025-01-28
899,Gary,Stein,gary.stein899@example.com,0509013426,2024-12-12
900,Clinton,Robinson,clinton.robinson900@example.com,0509917551,2023-11-13
901,Richard,Mcdonald,richard.mcdonald901@example.com,0501191495,2023-12-14
902,Anne,Rodriguez,anne.rodriguez902@example.com,0505578811,2024-12-14
903,Mark,Diaz,mark.diaz903@example.com,0507674868,2025-05-13
904,Amy,Floyd,amy.floyd904@example.com,0505053819,2025-07-20
905,Cindy,Rubio,cindy.rubio905@example.com,0506015435,2025-08-26
906,Diane,Horne,diane.horne906@example.com,0508209491,2024-07-02
907,Mathew,Anderson,mathew.anderson907@example.com,0509776313,2023-10-02
908,Todd,Becker,todd.becker908@example.com,0503972664,2025-12-21
909,Kevin,Campbell,kevin.campbell909@example.com,0502214327,2024-02-09
910,Jeremy,Choi,jeremy.choi910@example.com,0509892414,2024-09-24
911,Jason,Jones,jason.jones911@example.com,0504710869,2024-10-24
912,Stephen,Long,stephen.long912@example.com,0508519905,2023-02-18
913,Ronald,Spencer,ronald.spencer913@example.com,0507690127,2024-04-29
914,Leah,Sanders,leah.sanders914@example.com,0505491365,2023-12-15
915,Joseph,Robinson,joseph.robinson915@example.com,0509231408,2024-05-02
916,Donna,Gray,donna.gray916@example.com,0504156630,2023-10-20
917,Brenda,Peterson,brenda.peterson917@example.com,0501442403,2025-02-17
918,Lance,Kerr,lance.kerr918@example.com,0508619206,2025-09-11
919,Kenneth,Sutton,kenneth.sutton919@example.com,0503601603,2023-11-12
920,Adrian,Holmes,adrian.holmes920@example.com,0502799682,2024-09-03
921,Shirley,Thornton,shirley.thornton921@example.com,0505093722,2024-01-16
922,Sara,Wolfe,sara.wolfe922@example.com,0508249984,2023-06-16
923,Robin,Macias,robin.macias923@example.com,0506253517,2023-10-06
924,Lacey,Myers,lacey.myers924@example.com,0502568031,2023-10-22
925,Connie,Lawson,connie.lawson925@example.com,0507500406,2025-07-07
926,Walter,Hudson,walter.hudson926@example.com,0509221184,2024-04-23
927,Francisco,Reed,francisco.reed927@example.com,0507697400,2024-02-06
928,Brenda,Herrera,brenda.herrera928@example.com,0508588927,2023-09-03
929,Eric,Jenkins,eric.jenkins929@example.com,0503344298,2023-03-30
930,Alexander,Miller,alexander.miller930@example.com,0503447689,2025-09-01
931,Kimberly,Taylor,kimberly.taylor931@example.com,0503458007,2024-08-15
932,Angela,Hill,angela.hill932@example.com,0501543354,2024-05-11
933,Jasmine,Newman,jasmine.newman933@example.com,0502119759,2025-03-19
934,James,Ramos,james.ramos934@example.com,0505094501,2024-06-04
935,Charles,Parrish,charles.parrish935@example.com,0503036836,2023-08-21
936,Lindsay,Cook,lindsay.cook936@example.com,0509433822,2024-02-15
937,Curtis,Rodriguez,curtis.rodriguez937@example.com,0501972205,2023-01-16
938,Brittney,Pruitt,brittney.pruitt938@example.com,0505640003,2024-09-03
939,Sandra,Bray,sandra.bray939@example.com,0506762010,2023-09-01
940,Michael,Johnson,michael.johnson940@example.com,0504532759,2025-04-27
941,Levi,Walker,levi.walker941@example.com,0505288924,2023-09-27
942,Isaac,Smith,isaac.smith942@example.com,0506765684,2023-03-18
943,Connor,Chandler,connor.chandler943@example.com,0501245438,2023-06-20
944,Maria,Davis,maria.davis944@example.com,0506538170,2024-06-09
945,Alexa,Hall,alexa.hall945@example.com,0509314965,2025-07-20
946,Dorothy,Duncan,dorothy.duncan946@example.com,0507938721,2024-12-18
947,Patty,Price,patty.price947@example.com,0506453112,2025-11-23
948,Paula,Soto,paula.soto948@example.com,0502263154,2023-02-08
949,Brian,Jackson,brian.jackson949@example.com,0502236837,2024-06-25
950,Colleen,Hopkins,colleen.hopkins950@example.com,0509541142,2024-12-23
951,Jennifer,Massey,jennifer.massey951@example.com,0507824068,2024-06-11
952,Heather,Williams,heather.williams952@example.com,0502361868,2023-09-03
953,Deborah,Ortiz,deborah.ortiz953@example.com,0508810642,2025-09-12
954,Elizabeth,Wilkinson,elizabeth.wilkinson954@example.com,0501888605,2024-05-09
955,Jose,Whitehead,jose.whitehead955@example.com,0505074503,2025-03-18
956,Arthur,Diaz,arthur.diaz956@example.com,0508866879,2025-01-02
957,Jacob,Walters,jacob.walters957@example.com,0502244257,2024-06-24
958,Brian,Castro,brian.castro958@example.com,0508150717,2023-07-25
959,Megan,Moreno,megan.moreno959@example.com,0503199041,2025-12-28
960,Susan,Salinas,susan.salinas960@example.com,0508914159,2023-06-02
961,Mark,Pierce,mark.pierce961@example.com,0501836791,2024-01-25
962,Mark,Clay,mark.clay962@example.com,0508648593,2024-11-28
963,Jeremiah,Cole,jeremiah.cole963@example.com,0506942433,2023-01-15
964,Patricia,Clark,patricia.clark964@example.com,0501182888,2023-06-09
965,Cassandra,Miller,cassandra.miller965@example.com,0506991795,2024-06-12
966,Sherri,Henry,sherri.henry966@example.com,0503523518,2023-02-19
967,Jenna,Ortega,jenna.ortega967@example.com,0505875955,2024-03-28
968,Donna,Clark,donna.clark968@example.com,0505875034,2025-06-19
969,Larry,Lynch,larry.lynch969@example.com,0502973423,2024-04-01
970,Shannon,Long,shannon.long970@example.com,0507783850,2025-07-18
971,Lisa,Ward,lisa.ward971@example.com,0504883326,2025-01-25
972,Kyle,Parker,kyle.parker972@example.com,0501373621,2023-09-18
973,Jose,Lynch,jose.lynch973@example.com,0507279837,2024-05-14
974,Stephanie,Garcia,stephanie.garcia974@example.com,0504763218,2025-03-25
975,Angela,Curtis,angela.curtis975@example.com,0501987701,2024-04-18
976,Rhonda,Dixon,rhonda.dixon976@example.com,0501798128,2023-10-12
977,David,Carter,david.carter977@example.com,0505045663,2024-12-20
978,David,Washington,david.washington978@example.com,0503501289,2024-10-29
979,Denise,Norman,denise.norman979@example.com,0503178786,2023-05-12
980,Tammy,Cohen,tammy.cohen980@example.com,0506076332,2023-06-04
981,Christopher,Richardson,christopher.richardson981@example.com,0503329785,2023-06-01
982,Karen,Hill,karen.hill982@example.com,0502632154,2023-06-24
983,Jenna,Williams,jenna.williams983@example.com,0505832236,2024-07-12
984,Marissa,Edwards,marissa.edwards984@example.com,0503628511,2025-07-23
985,Carolyn,Graham,carolyn.graham985@example.com,0509247240,2024-05-28
986,Jennifer,Klein,jennifer.klein986@example.com,0504135122,2024-10-11
987,Jessica,Kelly,jessica.kelly987@example.com,0503297365,2024-02-16
988,Jose,James,jose.james988@example.com,0504272926,2023-10-29
989,Joseph,White,joseph.white989@example.com,0505567054,2025-04-17
990,James,Mendez,james.mendez990@example.com,0503949198,2025-04-30
991,Alex,Chan,alex.chan991@example.com,0505175456,2024-05-09
992,Joseph,Martinez,joseph.martinez992@example.com,0502080935,2023-06-23
993,James,Oconnell,james.oconnell993@example.com,0508597808,2025-09-22
994,Samantha,Zimmerman,samantha.zimmerman994@example.com,0501825655,2023-11-09
995,Zachary,Williams,zachary.williams995@example.com,0505469005,2023-04-12
996,Lucas,Lewis,lucas.lewis996@example.com,0504543913,2023-09-24
997,David,Johnson,david.johnson997@example.com,0506428956,2025-10-27
998,Kathryn,Mckay,kathryn.mckay998@example.com,0501935820,2023-12-29
999,Jane,Patterson,jane.patterson999@example.com,0508312154,2023-06-20
1000,David,Manning,david.manning1000@example.com,0503438891,2025-05-18
